{
  "n_cases": 413,
  "auc_v1": 0.7481633852483103,
  "auc_v2": 0.7937848956802821,
  "delta": 0.04562151043197182,
  "v1_ci95": [
    0.6987620675646684,
    0.794223650630242
  ],
  "v2_ci95": [
    0.7453604956513693,
    0.8344206452695394
  ],
  "delta_ci95": [
    0.0037566254667987203,
    0.08922531701616286
  ],
  "bootstrap_p_one_sided": 0.0175,
  "delong_z": -2.109763198703781,
  "delong_p_two_sided": 0.03487875781238244
}