{
  "fold": 0,
  "n_splits": 5,
  "patients": {
    "test": 349,
    "train": 970,
    "validation": 247
  },
  "positive_rate": {
    "test": 0.39204545454545453,
    "train": 0.4116059379217274,
    "validation": 0.4118705035971223
  },
  "purged_train_patients": [
    "P_00016",
    "P_00041",
    "P_00159",
    "P_00394",
    "P_00495",
    "P_00510",
    "P_00591",
    "P_00601",
    "P_00639",
    "P_00652",
    "P_00678",
    "P_00723",
    "P_00753",
    "P_00882",
    "P_00906",
    "P_00924",
    "P_00969",
    "P_01108",
    "P_01152",
    "P_01179",
    "P_01237",
    "P_01307",
    "P_01365",
    "P_01467",
    "P_01566",
    "P_01605",
    "P_01621",
    "P_01635",
    "P_01741",
    "P_01803",
    "P_01883"
  ],
  "purged_train_rows": 83,
  "rows": {
    "test": 704,
    "train": 2223,
    "validation": 556
  },
  "seed": 42
}