{
  "config": {
    "backbone": "efficientnet_v2_s",
    "img_size": 288,
    "epochs": 14,
    "batch_size": 12,
    "lr": 0.0003,
    "weight_decay": 0.0001,
    "loss": "bce",
    "focal_gamma": 1.5,
    "patience": 4,
    "tta": true,
    "folds": [
      0
    ],
    "tag": "effv2s_288_tta_f0"
  },
  "ensemble_test": {
    "roc_auc": 0.7745616612792634,
    "pr_auc": 0.7094445628887068,
    "balanced_accuracy": 0.7040968753061024,
    "f1": 0.6554621848739496,
    "sensitivity": 0.7134146341463414,
    "specificity": 0.6947791164658634,
    "threshold": 0.4786874055862427,
    "confusion": {
      "tn": 173,
      "fp": 76,
      "fn": 47,
      "tp": 117
    },
    "n": 413
  },
  "subgroups": {
    "mass": 0.8084570853259502,
    "calc": 0.7553339517625233
  },
  "per_fold": [
    {
      "fold": 0,
      "val_best_case_auc": 0.8220430107526883,
      "test_case_auc": 0.7745616612792634
    }
  ],
  "threshold": 0.4786874055862427,
  "elapsed_min": 24.0
}